confidence_level,method,coverage,mean_width,interval_score
0.5,Raw quantile regression,0.4633696563285834,5.52425838707709,9.526058526196495
0.5,CQR (conformal),0.49656328583403186,5.859494565951157,9.512615453304807
0.6,Raw quantile regression,0.560268231349539,6.772755132720241,10.3539559150824
0.6,CQR (conformal),0.6030176026823135,7.22051630007283,10.332502394484434
0.7,Raw quantile regression,0.6601844090528081,8.068415166493955,11.161517399814572
0.7,CQR (conformal),0.6967309304274937,8.505037946829715,11.129709418741433
0.8,Raw quantile regression,0.7498742665549036,9.41925890981776,12.133042588915155
0.8,CQR (conformal),0.7991617770326906,10.008194758111548,12.059554146251276
0.9,Raw quantile regression,0.8576697401508802,11.533052292197501,13.71662717705767
0.9,CQR (conformal),0.9057837384744342,12.154297904395277,13.601040814139088
0.95,Raw quantile regression,0.9076278290025147,13.53826626201975,15.982699420216807
0.95,CQR (conformal),0.9572506286672254,14.389615142178316,15.730390267119537
