segment,value,n,mae_p50,pinball_mean,coverage,coverage_se,coverage_gap,late_rate,mean_width,raw_coverage,gap_z
city,Bangalore,515,3.000381677758534,0.8933633566105894,0.8058252427184466,0.017626105969569268,0.005825242718446533,0.10679611650485436,9.799599319083669,0.7689320388349514,0.3304894869294199
city,Chennai,536,3.094762726477702,0.9235786665277184,0.8041044776119403,0.0172773685116272,0.004104477611940216,0.0708955223880597,10.24899802411957,0.753731343283582,0.23756381703486928
city,Coimbatore,521,3.106883992014228,0.9216346786189344,0.7946257197696737,0.01752431817353294,-0.005374280230326378,0.10556621880998081,9.998481335985408,0.7543186180422264,-0.3066755680368312
city,Hyderabad,529,2.9827053849420615,0.8888385445603668,0.8147448015122873,0.017391304347826087,0.014744801512287298,0.10396975425330812,10.1000862097279,0.775047258979206,0.8478260869565196
city,Indore,522,2.999814343817902,0.8854839437386905,0.8122605363984674,0.017507524381296338,0.012260536398467359,0.11494252873563218,9.752827303166718,0.7662835249042146,0.7003009752518495
city,Jaipur,578,3.2820588420004344,0.9712843370437355,0.773356401384083,0.01663780661615406,-0.02664359861591703,0.12283737024221453,10.317518410162414,0.7387543252595156,-1.6013888868048327
city,Mumbai,530,2.934325306455,0.8796995021628992,0.8169811320754717,0.017374889710522774,0.016981132075471694,0.09622641509433963,9.833774893016919,0.7660377358490567,0.9773375462169059
city,Mysore,496,3.183853139503285,0.9316283943949671,0.8104838709677419,0.017960530202677488,0.010483870967741837,0.10887096774193548,10.075590102545526,0.7641129032258065,0.583717231587013
city,Pune,529,3.066544113607558,0.9034892902926194,0.8109640831758034,0.017391304347826087,0.01096408317580333,0.1001890359168242,9.903969251689354,0.7599243856332704,0.6304347826086915
city,Ranchi,422,3.2777395114134533,0.9769812844477611,0.7796208530805687,0.019471695340449416,-0.020379146919431324,0.11848341232227488,10.050262421440907,0.7417061611374408,-1.0466036245491588
city,Surat,524,3.1327363979094174,0.9503560251326689,0.7938931297709924,0.017474081133220756,-0.006106870229007688,0.0916030534351145,10.020068496921613,0.7557251908396947,-0.34948162266441835
city,Vadodara,263,3.3101496490296842,0.9542760007156698,0.779467680608365,0.024665056639128293,-0.020532319391635023,0.11787072243346007,9.92407283380228,0.7452471482889734,-0.8324456615705819
city_tier,metropolitan,4493,3.130041146835134,0.9267060794689116,0.7992432673046962,0.005967491128375301,-0.0007567326953038522,0.1057200089027376,10.001964423435828,0.7547295793456488,-0.12680918647798292
city_tier,semi-urban,24,5.316438496208446,1.7608389302645533,0.5416666666666666,0.0816496580927726,-0.2583333333333334,0.4583333333333333,13.602805535440893,0.5416666666666666,-3.1639242510949397
city_tier,unknown,160,2.9857955932011553,0.8813127997700438,0.8125,0.03162277660168379,0.012499999999999956,0.0875,10.071510086708965,0.775,0.39528470752104605
city_tier,urban,1288,2.9866290452159974,0.8926035880213039,0.8090062111801242,0.011145564251507055,0.009006211180124124,0.09394409937888198,9.953826297505085,0.7717391304347826,0.8080534082342528
weather,cloudy,948,2.714291373507647,0.8062846185759137,0.8090717299578059,0.012991396049232617,0.009071729957805807,0.0970464135021097,8.959630308516752,0.7616033755274262,0.6982875376462456
weather,fog,1037,2.7542751989294096,0.8240686783098496,0.7830279652844745,0.012421401880890737,-0.016972034715525552,0.11957569913211186,8.889343210361753,0.742526518804243,-1.366354206897981
weather,sandstorms,1002,3.3558915214664737,0.9868013813423643,0.8093812375249501,0.012636480472131268,0.009381237524950015,0.09081836327345309,10.470424414461643,0.7614770459081837,0.7423932277377053
weather,stormy,964,3.146497342137942,0.934630305695169,0.8091286307053942,0.012883132528016617,0.009128630705394158,0.1078838174273859,10.437099602691902,0.7676348547717843,0.7085722890409114
weather,sunny,924,3.0721199107773733,0.9193912034929079,0.7932900432900433,0.013159033899195378,-0.006709956709956777,0.09848484848484848,9.844850384802134,0.7521645021645021,-0.5099125635938261
weather,unknown,76,4.958252853960086,1.5577917921690745,0.8947368421052632,0.04588314677411235,0.09473684210526312,0.039473684210526314,18.65661415517146,0.868421052631579,2.064741604835055
weather,windy,1014,3.4267756820758972,1.005965220779139,0.7938856015779092,0.012561485860426554,-0.006114398422090828,0.11439842209072978,10.767269446896414,0.7554240631163708,-0.4867575770915368
traffic,high,618,3.59010638675258,1.072933906704199,0.7605177993527508,0.01609035973418259,-0.03948220064724928,0.12944983818770225,10.607532141382324,0.7249190938511327,-2.453779859462851
traffic,jam,1785,3.5054966706145976,1.0420995803256814,0.7927170868347339,0.009467621366623017,-0.007282913165266192,0.11372549019607843,11.191288101515072,0.7579831932773109,-0.7692442360381292
traffic,low,2025,2.603847446495338,0.7669224822357702,0.8039506172839506,0.008888888888888889,0.003950617283950519,0.10222222222222223,8.515379671383055,0.7575308641975309,0.44444444444443343
traffic,medium,1461,3.0046264898531634,0.8911724235167661,0.8179329226557153,0.010464895197052097,0.017932922655715222,0.08761122518822724,9.927318779935215,0.7672826830937713,1.713626588517277
traffic,unknown,76,4.958252853960086,1.5577917921690745,0.8947368421052632,0.04588314677411235,0.09473684210526312,0.039473684210526314,18.65661415517146,0.868421052631579,2.064741604835055
rush_window,dinner,1210,3.4216998484308196,1.0153804940856535,0.8107438016528926,0.011499191491521378,0.01074380165289257,0.10743801652892562,11.111736150725651,0.771900826446281,0.934309308686113
rush_window,lunch,250,3.4746283704524994,1.0358371834274738,0.796,0.025298221281347035,-0.0040000000000000036,0.092,10.881894491816565,0.768,-0.1581138830084191
rush_window,off_peak,4505,2.998104548851328,0.8899143895703232,0.7982241953385127,0.005959538004723581,-0.0017758046614873013,0.10388457269700332,9.662949835088913,0.7538290788013319,-0.29797690023619
distance_bucket,0-3km,594,2.887648025571928,0.836034429461607,0.7878787878787878,0.016412198797244364,-0.0121212121212122,0.12121212121212122,8.811681343865647,0.7424242424242424,-0.7385489458760012
distance_bucket,10-15km,1603,3.307686307649247,0.9723463252134427,0.810979413599501,0.009990638163028124,0.010979413599500942,0.10043668122270742,10.671904488392737,0.7741734248284466,1.0989701979330944
distance_bucket,15km+,1110,3.289735037770838,0.9749149570108767,0.818018018018018,0.012006004503753283,0.018018018018017945,0.10720720720720721,10.884953619079171,0.7711711711711712,1.5007505629691547
distance_bucket,3-6km,1077,2.9346125161269714,0.880333138626305,0.7799442896935933,0.012188552706720103,-0.020055710306406738,0.10492107706592387,9.251902867868397,0.7223769730733519,-1.6454546154072185
distance_bucket,6-10km,1581,2.9637617024944984,0.8925262591491895,0.7969639468690702,0.010059909096557136,-0.0030360531309298056,0.09867172675521822,9.683405346860116,0.7628083491461101,-0.3017972728967156
festival,no,5822,3.115417201648401,0.923737975327092,0.8005839917554105,0.005242324385279365,0.0005839917554104623,0.10391618000687049,10.03919105309348,0.7576434215046376,0.11139939318717706
festival,unknown,33,2.0428337355289825,0.6481681283310516,0.8181818181818182,0.06963106238227913,0.018181818181818188,0.030303030303030304,7.1141264492098415,0.7878787878787878,0.26111648393354686
festival,yes,110,2.818204004729094,0.8840179829596521,0.8,0.038138503569823685,0.0,0.13636363636363635,9.221153531578025,0.7727272727272727,0.0
multiple_deliveries,0.0,1890,2.9797376492856325,0.8828102582101524,0.8232804232804233,0.009200874124564723,0.023280423280423235,0.08677248677248678,10.12958922698735,0.7862433862433862,2.530240384255294
multiple_deliveries,1.0,3642,3.1905648746568835,0.9463827454361278,0.78500823723229,0.006628114780720312,-0.014991762767710082,0.11312465678198792,9.94230496789449,0.7386051619989017,-2.2618441689208115
multiple_deliveries,2.0,259,2.914736464283761,0.8900731613794184,0.8494208494208494,0.024854790640048,0.049420849420849344,0.07335907335907337,10.419683626888252,0.8262548262548263,1.9883832512038373
multiple_deliveries,3.0,41,2.492246395609725,0.7471638832065451,0.8536585365853658,0.062469504755442426,0.05365853658536579,0.12195121951219512,8.380895272986402,0.7804878048780488,0.8589556903873323
multiple_deliveries,unknown,133,3.056651313307825,0.9040150662444576,0.7969924812030075,0.0346843987809648,-0.00300751879699257,0.15789473684210525,9.775565975739951,0.7518796992481203,-0.08671099695241456
vehicle_type,bicycle,7,5.05661662300969,1.5322797213793689,1.0,0.15118578920369088,0.19999999999999996,0.0,21.208582297637296,1.0,1.3228756555322951
vehicle_type,electric_scooter,473,2.9896024382675943,0.8778532544883646,0.813953488372093,0.018392019594868112,0.013953488372092981,0.06976744186046512,9.753790135587094,0.7801268498942917,0.7586708082883076
vehicle_type,motorcycle,3455,3.2346036233876725,0.965388546664716,0.788712011577424,0.006805122783067135,-0.011287988422576056,0.11635311143270623,10.270112351812543,0.7484804630969609,-1.658748678372626
vehicle_type,scooter,2030,2.901645868632315,0.854810858406685,0.8172413793103448,0.008877935232369504,0.01724137931034475,0.0916256157635468,9.582277037773029,0.7684729064039408,1.942048332080821
